0,0,0,"あう　「会う」　「自?见面、会"
0,0,0,"あう　「合う」　「自?1合?2一?3对、准 4划算、合"
0,0,0,"あう　「遭う」　「自?遭遇"
0,0,0,"あじわう　「味わう」　「他?1品尝 2鉴赏、体验、经"
0,0,0,"あつかう　「扱う」　「他?1对待 2经营 3办理"
0,0,0,"あらう　「洗う」　「他?"
0,0,0,"あらそう　「争う」　「他?1争夺 2争辩"
0,0,0,"いう　「言う」　「他?说话"
0,0,0,"いわう　「?う」　「他?庆贺、庆祝、?"
0,0,0,"うかがう　「伺う」　「自他?自：拜访。他：打听、听说"
0,0,0,"うしなう　「失う」　「他?1丢失、丧?2失去（亲人）"
0,0,0,"うたう　「歌う」　「他?"
0,0,0,"うたがう　「疑う」　「他?怀疑、疑惑、猜"
0,0,0,"うばう　「奪う」　「他?1抢夺、剥?2强烈吸引"
0,0,0,"うやまう　「敬う」　「他?尊敬、敬"
0,0,0,"うらなう　「占う」　「他?占卜算命"
0,0,0,"おう　「追う」　「他?1赶走 2追求 3紧逼、紧"
0,0,0,"おおう　「?う」　「他?1蒙上 2掩饰 3笼罩"
0,0,0,"おぎなう　「?う」　「他?补充、弥"
0,0,0,"おこなう　「?う」　「他?1举办 2实施、实"
0,0,0,"おもう　「思う」　「他?1思?2思恋"
0,0,1,"かう　「買う」　「他?1购买 2 惹起、招"
0,0,1,"かう　「飼う」　「他?饲养"
0,0,1,"かまう　「?う」　「自?1不介?2照顾、招"
0,0,1,"かよう　「通う」　「自?往返于"
0,0,1,"からかう　「他?戏弄、逗弄"
0,0,1,"きらう　「嫌う」　「他?厌恶、讨厌、厌"
0,0,1,"くう　「?う」　「他?"
0,0,1,"くるう　「狂う」　「自?1发疯 2发生故障、出现混"
0,0,2,"さからう　「逆らう」　「自?1逆?、逆流 2违背、违"
0,0,2,"さそう　「誘う」　「他?1邀?2引起、吸引人"
0,0,2,"したがう　「従う」　「自?1服从 2按照、适应"
0,0,2,"しはらう　「支払う」　「他?支付"
0,0,2,"しまう　「他?收藏起来妥善保管"
0,0,2,"すう　「吸う」　「他?吸收"
0,0,2,"すくう　「救う」　「他?1拯救 2挽救"
0,0,2,"すれちがう　「擦れ違う」　「自?错过擦肩而过"
0,0,2,"せおう　「背負う」　「他?1?2担负"
0,0,2,"そう　「沿う」　「自?沿着"
0,0,2,"そう　「添う」　「自?1不?左右地紧?2满足"
0,0,2,"そろう　「揃う」　「自?1集合、?? 2齐全、一?"
0,0,3,"たたかう　「戦う」　「自?1和他人作?2比赛 3斗争"
0,0,3,"ためらう　「他?犹豫不定"
0,0,3,"ちかう　「誓う」　「他?发誓"
0,0,3,"ちがう　「違う」　「自?1不同 2不对"
0,0,3,"つかう　「使う」　「他?1使用 2花费"
0,0,3,"つきあう　「付き合う」　「自他?1交际、交往 2应酬陪伴"
0,0,3,"つりあう　「釣り合う」　「自?均衡、均"
0,0,3,"であう　「出会う、出合う」　「自?邂逅相遇、遭"
0,0,3,"てつだう　「手伝う」　「他?帮助"
0,0,3,"とう　「問う」　「他?1打听 2追究"
0,0,3,"ととのう　「整う」　「自?五官端正、字体工整、衣着整齐"
0,0,3,"ともなう　「伴なう」　「自他?1附带 2带?"
0,0,4,"ならう　「習う」　「他?学习"
0,0,4,"ならう　「倣う」　「他?模仿"
0,0,4,"にあう　「似合う」　「自?协调、般"
0,0,4,"におう　「匂う」　「自?散发香味或臭"
0,0,4,"ぬう　「縫う」　「他?1缝补 2穿过缝隙"
0,0,4,"ねがう　「?う」　「他?1恳求 2祈求、盼"
0,0,4,"ねらう　「狙う」　「他?瞄准寻找机会"
0,0,5,"はう　「這う」　「自?爬?"
0,0,5,"はなしあう　「話し合う」「他?对话、商"
0,0,5,"はらう　「払う」　「他?1支付 2掸去 3赶走 4倾注"
0,0,5,"ひろう　「拾う」　「他?1捡到 2在路上招呼出租车"
0,0,5,"ふるまう　「振る舞う」　「他?行动日常中的为人处事"
0,0,6,"まちがう　「間違う」　「自他?自：出错 他：搞错"
0,0,6,"まにあう　「間に合う」「自他?1赶得?2钱??3物品还能顶用"
0,0,6,"まよう　「迷う」　「自?1迷路 2忧郁"
0,0,6,"みまう　「?舞う」　「他?1探望病人 2遭受"
0,0,6,"むかう　「向かう」　「自?1朝着某方?2面对 3朝着某?趋势发展"
0,0,6,"もらう　「他?从别人那儿得到东"
0,0,7,"やとう　「雇う」　「他?雇佣"
0,0,7,"よう　「酔う」　「自?1喝醉?2晕车 3陶醉"
0,0,8,"わらう　「笑う」　「自他?1?2嘲笑"
0,1,0,"あおぐ　「扇ぐ」　「他?扇?"
0,1,0,"いそぐ　「急ぐ」　「自?1抓紧时间进? 2急匆匆地赶路"
0,1,0,"およぐ　「泳ぐ」　「自?游泳"
0,1,1,"かぐ　「嗅ぐ」　「他?用鼻子闻"
0,1,1,"かせぐ　「稼ぐ」　「他?1劳动赚钱 2争取"
0,1,1,"かつぐ　「担ぐ」　「他?肩扛"
0,1,1,"こぐ　「漕ぐ」　「他?1划船 2荡?"
0,1,2,"さわぐ　「騒ぐ」　「自」，1吵闹 2很?人骚动、闹"
0,1,2,"そそぐ　「注ぐ」　「自他?1液体流入 2倒入"
0,1,3,"つぐ　「次ぐ」　「自?次于亚于"
0,1,3,"つぐ　「注ぐ」　「自?倒入、灌入液"
0,1,3,"つなぐ　「繋ぐ」　「他?1栓住、系? 2把分开的物体连接起"
0,1,4,"ぬぐ　「脱ぐ」　「他?脱去"
0,1,5,"ふさぐ　「?ぐ」　「自他?堵住、?住、挡"
0,1,5,"ふせぐ　「防ぐ」　「他?防止、防守、?"
0,1,6,"またぐ　「他?两脚跨过、叉腿站"
0,2,0,"あく　「開く」　「自?1开着 2开"
0,2,0,"あく　「空く」　「自?空出、腾"
0,2,0,"あるく　「歩く」　「自?走步"
0,2,0,"いく　「?く」　「自?1?2?3通向某地 4进展"
0,2,0,"いだく　「抱く」　「他?胸怀理想"
0,2,0,"いただく　「頂く」　「他?1领受物品?2吃、喝的谦让语"
0,2,0,"うく　「浮く」　「自?1漂浮 2摇晃"
0,2,0,"うごく　「動く」　「自?1开动、活?2动摇不稳"
0,2,0,"うなずく　「自?点头同意"
0,2,0,"えがく　「描く」　「他?1描绘、描?2想象"
0,2,0,"おいつく　「追い付く」　「自?赶上"
0,2,0,"おく　「置く」　「他?1放置 2处在 3搁开"
0,2,0,"おちつく　「落ち着く」　「自?1沉着 2稳定、平?3朴素"
0,2,0,"おどろく　「?く」　「自?惊慌、吓一"
0,2,0,"おもいつく　「思い付く」　「自?忽然想起"
0,2,1,"かがやく　「輝く」　「自?1发光 2闪光、充满阳"
0,2,1,"かく　「他?1出汗 2? "
0,2,1,"かく　「書く」　「他?1?2绘画"
0,2,1,"かたづく　「片付く」　「自?1整理?2事情得到解决"
0,2,1,"かたむく　「傾く」　「他?1倾斜 2倾向"
0,2,1,"かわく　「乾く」　「自?晒干"
0,2,1,"かわく　「渇く」　「自?口渴"
0,2,1,"きく　「聞く」　「他?1?2打听"
0,2,1,"きく　「効く」　「自?有效"
0,2,1,"きく　「利く」　「自?1起作?2说话"
0,2,1,"きづく　「気付く」　「自?注意"
0,2,1,"くだく　「砕く」　「他?打?"
0,2,1,"くっつく　「自?1两个东西紧贴在一?2一方紧紧地粘着 3紧跟着"
0,2,2,"さく　「咲く」　「自?花开"
0,2,2,"さく　「?く」　「他?1把纸张等撕开 2挑拨离间"
0,2,2,"ささやく　「自他?低声私语"
0,2,2,"さしひく　「差し引く」　「他?减去、扣"
0,2,2,"さく　「咲く」　「自?花开"
0,2,2,"さく　「?く」　「他?1把纸张等撕开 2挑拨离间"
0,2,2,"ささやく　「自他?低声私语"
0,2,2,"さしひく　「差し引く」　「他?减去、扣"
0,2,2,"しく　「敷く」　「他?铺垫"
0,2,2,"すく　「空く」　「自?1数量?2肚子?3有空闲时"
0,2,3,"たく　「炊く」　「他?煮饭"
0,2,3,"たく　「焚く」　「他?烧火"
0,2,3,"だく　「抱く」　「他?抱小孩或宠物"
0,2,3,"たたく　「叩く」　「他?敲打"
0,2,3,"ちかづく　「近付く」　「自?1靠近 2接近"
0,2,3,"つく　「着く」　「自?1到达 2送到"
0,2,3,"つく　「就く」　「自?1就座 2就职"
0,2,3,"つく　「点く」　「自?点灯"
0,2,3,"つく　「突く」　「他?刺、扎、顶、撞"
0,2,3,"つく　「付く」　「自?1附上 2跟随 3跟得?4五官感到 5走运 6附带"
0,2,3,"つづく　「続く」　「自?1继续 2连着 3待续"
0,2,3,"つまずく　「自?1绊?2受挫"
0,2,3,"とく　「溶く」　「他?溶解"
0,2,3,"とく　「解く」　「他?1解开 2解除 3解?"
0,2,3,"どく　「退く」　「自?让开"
0,2,3,"とどく　「届く」　「自?1送到 2达到目标 3够得着"
0,2,4,"ながびく　「長引く」　「自?拖长、拖"
0,2,4,"なく　「泣く」　「自?哭泣"
0,2,4,"なく　「鳴く」　「自?鸟叫"
0,2,4,"ぬく　「抜く」　「他?1拔除 2除掉 3省略 4超越"
0,2,4,"のぞく　「?く」　「他自?他：1窥? 2稍微看一?自：露出可以看到的一部分"
0,2,4,"のぞく　「除く」　「他?1消除 2除了之? "
0,2,5,"はく　「穿く」　「他?穿?"
0,2,5,"はく　「履く」　「他?穿鞋"
0,2,5,"はく　「掃く」　「他?打扫"
0,2,5,"はく　「吐く」　「他?1?2吐露 3冒烟"
0,2,5,"はたらく　「働く」　「自他?自：劳动、工?他：干坏"
0,2,5,"はぶく　「省く」　「他?1节省 2省略"
0,2,5,"ひく　「弾く」　「他?弹乐"
0,2,5,"ひく　「他?车轧"
0,2,5,"ひく　「引く」　「他?1?2?3吸引 4安? 5查字?6减去 7喊价"
0,2,5,"ひびく　「響く」　「自?"
0,2,5,"ひらく　「開く」　「自他?自：拉开距? 他：1召开 2打开 3开"
0,2,5,"ふく　「吹く」　「他自?自：刮? 他：用气"
0,2,5,"ふく　「拭く」　「他?"
0,2,5,"ふりむく　「振り向く」　「自?1回头?2理睬"
0,2,6,"まく　「巻く」　「他?卷起"
0,2,6,"まく　「撒く」　「他?撒、散"
0,2,6,"まく　「蒔く」　「他?播?"
0,2,6,"まねく　「招く」　「他?1邀?2招致 "
0,2,6,"みがく　「磨く」　「他?1擦亮 2磨练"
0,2,6,"むく　「向く」　「自?1朝向 2适合"
0,2,6,"むく　「剥く」　「他?削皮"
0,2,6,"もとづく　「基づく」　「自?根据"
0,2,7,"やく　「焼く」　「他?1烧烤 2把皮肤晒?3印照"
0,2,7,"やぶく　「破く」　「他?撕破"
0,2,8,"わく　「沸く」　「自?1水沸?2激"
0,2,8,"わく　「湧く」　「自?1涌出 2感情产生"
0,3,0,"あまやかす　「甘やかす」　「他?娇惯孩子"
0,3,0,"あらわす　「現す」　「他?显露"
0,3,0,"あらわす　「表わす」　「他?表现"
0,3,0,"あらわす　「著わす」　「他?著书"
0,3,0,"いいだす　「言い出す」　「他?开始说、说出口"
0,3,0,"いたす　「致す」　「他?干的谦让"
0,3,0,"うごかす　「動かす」　「他?1使肢体活?2移动 3开?"
0,3,0,"うちけす　「打ち消す」　「他?否定"
0,3,0,"うつす　「写す」　「他?1拍照?2抄写"
0,3,0,"うつす　「映す」　「他?1映照 2放映"
0,3,0,"うつす　「移す」　「他?1移动 2转移 3传染 4着手实"
0,3,0,"うらがえす　「?返す」　「他?1把东西倒过"
0,3,0,"おいこす　「追い越す」　「他?赶上并超"
0,3,0,"おかす　「犯す」　「他?犯错"
0,3,0,"おこす　「起こす」　「他?1叫醒 2扶起 3引起"
0,3,0,"おす　「押す」　「他?1?2用手?3盖印?4压倒对方的势力"
0,3,0,"おどかす　「脅かす」　「他?1恐吓 2让人吃惊"
0,3,0,"おとす　「落とす」　「他?1搞丢 2从高处往下扔 3降低 4失掉 5遗漏"
0,3,0,"おどろかす　「?かす」　「他?令人吃惊"
0,3,0,"おもいだす　「思い出す」　「他?1想起 2忽然心?来潮"
0,3,0,"およぼす　「及ぼす」　「他?带来不好的影"
0,3,0,"おろす　「下ろす、降ろす」　「他?1取下?2卸载货物 3在银行取"
0,3,0,"おろす　「卸す」　「他?批发商品"
0,3,1,"かえす　「返す」　「他?归还借款或物"
0,3,1,"かえす　「帰す」　「他?让对方回"
0,3,1,"かくす　「隠す」　「他?隐藏"
0,3,1,"かす　「貸す」　「他?1借出物品 2提供帮助"
0,3,1,"かわかす　「乾かす」　「他?晒干"
0,3,1,"くずす　「崩す」　「他?1使崩?2拆掉 3打乱 4换成零钱"
0,3,1,"くらす　「暮らす」　「自他?自：生活过日?他：消磨时光"
0,3,1,"くりかえす　「繰り返す」　「他?反反复?"
0,3,1,"けす　「消す」　「他?1关掉电源 2关掉火源 3抹去"
0,3,1,"こがす　「焦がす」　「他?把饭菜烧"
0,3,1,"こす　「越す」　「自他?他：1翻越山岗 2经过时间岁月 3超过 自：1来的尊敬 2搬家"
0,3,1,"こぼす　「他?1?2发牢"
0,3,1,"ころがす　「転がす」　「他?滚动物体之前"
0,3,1,"ころす　「殺す」　「他?杀"
0,3,1,"こわす　「?す」　「他?弄坏"
0,3,2,"さがす　「探す、捜す」　「他?寻找"
0,3,2,"さす　「刺す」　「他?"
0,3,2,"さす　「差す、射す」　「他?1照射 2撑伞 3敬酒"
0,3,2,"さす　「指す」　「他?1用手指着 2时钟指向 3指名道? 4指的...意"
0,3,2,"さす　「注す」　「他?注入液体"
0,3,2,"さす　「挿す」　「他?插入"
0,3,2,"さます　「冷ます」　「他?1使液体等温度降下?2泼冷"
0,3,2,"さます　「?ます」　「他?弄醒"
0,3,2,"しめす　「示す」　「他?1表示 2出示"
0,3,2,"すごす　「過ごす」　「他?度日、生"
0,3,2,"ずらす　「他?1把位置往旁挪一?2错开预定日期"
0,3,3,"たおす　「倒す」　「他?1弄?2推翻政府"
0,3,3,"たがやす　「耕す」　「他?耕地"
0,3,3,"たす　「足す」　「他?"
0,3,3,"だす　「出す」　「他?1把东西取出来 2把头和手伸出?3寄信 4提交 5拿出结论"
0,3,3,"だます　「?す」　「他?欺骗"
0,3,3,"ためす　「試す」　「他?试验"
0,3,3,"ちらかす　「散らかす」　「他?把东西乱扔一"
0,3,3,"ちらす　「散らす」　「他?1使凌?2把东西吹?3散布谣言 4散发广告 5注意力不集中"
0,3,3,"つぶす　「潰す」　「他?1弄? 2使破?3打发时间"
0,3,3,"つるす　「吊るす」　「他?吊在空中"
0,3,3,"てらす　「照らす」　「他?1光线照耀 2对照"
0,3,3,"とおす　「通す」　「他?1透? 2带客人到房间 3通过法??4达到目的 5整个空间 6坚持"
0,3,3,"とかす　「溶かす」　「他?溶化"
0,3,3,"とばす　「?ばす」　「他?1放? 2被?吹走 3飞? 4跳过"
0,3,3,"とびだす　「?び出す」　「他?1飞速跑出去 2突然从某处窜出人"
0,3,3,"とりけす　「取り消す」　「他?取消"
0,3,3,"とりだす　「取り出す」　「他?从包里取出东"
0,3,4,"なおす　「直す」　「他?改正"
0,3,4,"なおす　「治す」　「他?治疗"
0,3,4,"ながす　「流す」　「他?1冲走 2流泪 3播放 4发传"
0,3,4,"なくす　「無くす」　「他?1丢失 2消除"
0,3,4,"なくす　「亡くす」　「他?"
0,3,4,"なす　「他?"
0,3,4,"ならす　「鳴らす」　「他」鸣"
0,3,4,"にがす　「逃がす」　「他?1放跑 2错过机会"
0,3,4,"ぬらす　「濡らす」　「他?侵湿"
0,3,4,"のこす　「残す」　「他?1留下 2撇下"
0,3,4,"のばす　「伸ばす」　「他?1拉长 2发挥长?"
0,3,4,"のばす　「延ばす」　「他?延长距?或时"
0,3,5,"はがす　「剥がす」　「他?揭下剥下"
0,3,5,"はずす　「?す」　「他?1取下?2解开 3摘下眼镜 4某人现在不在"
0,3,5,"はなす　「話す」　「他?"
0,3,5,"はなす　「離す」　「他?1放开?2间隔"
0,3,5,"はなす　「放す」　「他?放掉"
0,3,5,"はらいもどす　「払い戻す」　「他?退还钱?"
0,3,5,"ひきかえす　「引き返す」　「自?在途中返回"
0,3,5,"ひきだす　「引き出す」　「他?1抽出东西 2引导人的潜能 3取出存款"
0,3,5,"ひっくりかえす「引っ繰り返す」「他?1把东西打?2把东西倒过?3推翻原来的决"
0,3,5,"ひっこす　「引っ越す」　「自?搬家"
0,3,5,"ひやす　「冷やす」　「他?1冰镇 2使头脑冷"
0,3,5,"ふくらます　「膨らます」　「他?使鼓起来"
0,3,5,"ふやす　「?やす」　「他?增加数量或程"
0,3,5,"ふやす　「殖やす」　「他?繁殖"
0,3,5,"へらす　「減らす」　「他?1减少 2空腹"
0,3,5,"ほす　「干す」　「他?晒干"
0,3,6,"ます　「?す」　「自他?自：1数量增加 2程度增加 他：1增加数量 2增加程度"
0,3,6,"まわす　「回す」　「他?1方向转动 2转动? 3转动"
0,3,6,"みおろす　「?下ろす」　「他?俯?"
0,3,6,"むす　「蒸す」　「他?自：病情见好 他：1重新看一?2重新审?"
0,3,6,"めざす　「目指す」　「他??..为目"
0,3,6,"もうす　「申す」　「他?1说的谦让?2做的谦让"
0,3,6,"もどす　「戻す」　「他?1把东西放回原?2使倒退 3呕吐"
0,3,6,"もやす　「燃やす」　「他?1燃烧 2心中燃起"
0,3,7,"やくす　「訳す」　「他?翻译"
0,3,7,"ゆるす　「許す」　「他?1允许 2原谅"
0,3,7,"よこす　「寄越す」　「他?1寄来 2亲自递交"
0,3,7,"よごす　「汚す」　「他?弄脏"
0,3,7,"よす　「止す」　「他?作罢"
0,3,7,"よびだす　「呼び出す」　「他?把人叫出"
0,3,8,"りゃくす　「略す」　「他?省略"
0,3,9,"わかす　「沸かす」　「他?把液体烧开"
0,3,9,"わたす　「渡す」　「他?1把人送过?2亲手交付"
0,4,0,"うけもつ　「受け持つ」　「他?担任授课"
0,4,0,"うつ　「打つ」　「他?1?2撞击 3感动 4打字 5钉铁?6射击"
0,4,0,"うつ　「撃つ、討つ」　「他?用枪等射"
0,4,1,"かつ　「勝つ」　「自?战胜"
0,4,2,"そだつ　「育つ」　「自?成长"
0,4,3,"たつ　「立つ」　「自?1站立 2烟雾等冒?3离开某地 4出发 5起??6处?"
0,4,3,"たつ　「建つ」　「自?建房"
0,4,3,"たつ　「発つ」　「自?离开某地"
0,4,3,"たつ　「経つ」　「自?时间经过"
0,4,4,"ぶつ　「打つ」　「他?殴打"
0,4,5,"まつ　「待つ」　「他?等"
0,4,5,"めだつ　「目立つ」　「自?引人注目"
0,4,5,"もつ　「持つ」　「他自?1拿在手上 2拥有"
0,4,6,"やくだつ　「役立つ」　「自?有用"
0,5,0,"あそぶ　「遊ぶ」　「自?1玩?2东西等闲置不"
0,5,0,"うかぶ　「浮かぶ」　「自?1物体浮在水面或空?2往事等浮现出来"
0,5,0,"えらぶ　「選ぶ」　「他?选择"
0,5,1,"ころぶ　「転ぶ」　「自?跌?"
0,5,2,"さけぶ　「叫ぶ」　「自?1大声叫喊 2呼吁、主"
0,5,3,"とぶ　「?ぶ」　「自?1在空中? 2快跑"
0,5,3,"とぶ　「跳ぶ」　「自?"
0,5,4,"ならぶ　「並ぶ」　「自?排列"
0,5,5,"はこぶ　「運ぶ」　「自他?他：1搬运东西 2推进开?自：紧张情况"
0,5,6,"まなぶ　「学ぶ」　「他?学习"
0,5,6,"むすぶ　「結ぶ」　「他?1?2签订"
0,5,7,"よぶ　「呼ぶ」　「他?1招呼 2叫来 3称做"
0,5,7,"よろこぶ　「喜ぶ」　「自?1欢喜、高?2欣然接受"
0,6,0,"あむ　「編む」　「他?编织"
0,6,0,"いたむ　「痛む」　「自?疼痛"
0,6,0,"うらむ　「恨む」　「他?"
0,6,0,"うらやむ　「羨む」　「他?羡慕"
0,6,0,"おがむ　「拝む」　「他?1叩拜 2恳求"
0,6,0,"おもいこむ　「思い込む」　「他?深信不疑"
0,6,1,"かこむ　「囲む」　「他?包围"
0,6,1,"かなしむ　「悲しむ」　「自?悲哀"
0,6,1,"かむ　「噛む」　「他?1?2咀?"
0,6,1,"きざむ　「刻む」　「他?1雕刻 2铭记在心 3时钟报时"
0,6,1,"くむ　「組む」　「他?1合伙 2交叉 3编排"
0,6,1,"くむ　「汲む、酌む」　「他?用水桶等打水"
0,6,1,"くやむ　「悔やむ」　「自?懊悔"
0,6,1,"くるしむ　「苦しむ」　「自?感到痛苦"
0,6,1,"くるむ　「他?"
0,6,1,"このむ　「好む」　「他?爱好"
0,6,1,"こむ　「込む、混む」　「自?因人多车多而拥"
0,6,2,"しぬ　「死ぬ」　「自?人或动物死亡"
0,6,2,"しずむ　「沈む」　「自?1沉入水中 2太阳下山 3地面下沉 4情绪低落"
0,6,2,"しぼむ　「自?凋谢"
0,6,2,"しゃがむ　「自?"
0,6,2,"すすむ　「進む」　「自?1往前进 2先进 3进展 4升学 5钟走得快 6主动"
0,6,2,"すずむ　「涼む」　「自?乘凉"
0,6,2,"すむ　「住む」　「自?1居住 2动物栖息"
0,6,2,"すむ　「澄む、清む」　「自?1清澈见底 2晶莹 3清晰 4宁静"
0,6,2,"すむ　「済む」　「自?结束"
0,6,3,"たたむ　「畳む」　「他?折叠"
0,6,3,"たのしむ　「楽しむ」　「自?1享受 2期待着"
0,6,3,"たのむ　「頼む」　「他?1请求 2雇佣"
0,6,3,"ちぢむ　「縮む」　「自?收缩"
0,6,3,"つかむ　「掴む」　「他?1用手抓住东西 2抓住机会"
0,6,3,"つっこむ　「突っ込む」　「自?自：1冲进 2深入?他：插入"
0,6,3,"つつむ　「包む」　「他?1包裹起来 2笼罩"
0,6,3,"つむ　「?む」　「他?1堆积 2积累"
0,6,3,"とけこむ　「溶け込む」　「自?1融化 2气氛融洽"
0,6,3,"とびこむ　「?び込む」　「自?1突然进入 2跳进"
0,6,4,"なやむ　「悩む」　「自?烦恼"
0,6,4,"にくむ　「憎む」　「他?愤恶"
0,6,4,"にらむ　「睨む」　「他?1瞪眼 2注? 3大体上判"
0,6,4,"ぬすむ　「盗む」　「他?1盗窃 2背人耳目 3蹑手蹑脚 4偷空"
0,6,4,"のぞむ　「望む」　「自?希望"
0,6,4,"のむ　「飲む」　「他?1?2吞没 3忍泪"
0,6,5,"はさむ　「鋏む」　「他?1?2"
0,6,5,"はらいこむ　「払い込む」　「他?缴纳"
0,6,5,"ひっこむ　「引っ込む」　「他?1隐退 2凹状 3眼睛洼陷"
0,6,5,"ふくむ　「含む」　「他?1?2含有"
0,6,5,"ふくらむ　「膨らむ」　「自?鼓起"
0,6,5,"ふむ　「踏む」　「自他?用脚?"
0,6,5,"へこむ　「凹む」　「自?1凹下 2屈服"
0,6,5,"ほほえむ　「微笑む」　「自?微笑"
0,6,6,"もむ　「揉む」　「他?1按摩 2用手?3很?人互相推?4磨练"
0,6,6,"もうしこむ　「申し込む」　「他?1提议 2申请报名参加"
0,6,7,"やすむ　「休む」　「自他?1休息 2缺勤"
0,6,7,"やむ　「止む」　「自?停止"
0,6,7,"よむ　「読む」　「他?阅读"
0,7,0,"あがる　「上がる」　「自?1往上移?2升起 3进屋 4高涨 5雨停 6工作完成 7鱼死 8怯场 9拜访 "
0,7,0,"あずかる　「預かる」　「他?1代人保管 2代人照看孩子 3担任"
0,7,0,"あたたまる　「暖まる、温まる」　「自?1暖和 2温暖"
0,7,0,"あたる　「当たる」　「自?1撞上 2说中 3相当?4位于 5?6烤火 7担任 8中毒 9适合"
0,7,0,"あつまる　「集まる」　「自?1集合 2汇集"
0,7,0,"あてはまる　「当て嵌まる」　「自?适用"
0,7,0,"あぶる　「炙る」　「他?用火"
0,7,0,"あまる　「余る」　「自?1剩余 2担当不起"
0,7,0,"あやまる　「謝る」　「他?谢罪道歉"
0,7,0,"ある　「有る」　「自?1?2举办 3发生事故"
0,7,0,"ある　「在る」　「自?1?2位于 "
0,7,0,"いたる　「至る」　「自?1到达 2达到"
0,7,0,"いのる　「?る」　「他?祈祷"
0,7,0,"いばる　「威張る」　「自?自以为了不起"
0,7,0,"いやがる　「嫌がる」　「他?讨厌"
0,7,0,"いらっしゃる　「自?去来的尊敬语"
0,7,0,"いる　「?る」　「自?"
0,7,0,"いる　「煎る、炒る」　「他?炒煎"
0,7,0,"うけたまわる　「承る」　「他?1听取 2接受"
0,7,0,"うけとる　「受け取る」　「他?1?2领会"
0,7,0,"うつる　「映る」　「自?1映照 2相配"
0,7,0,"うつる　「写る」　「自?照相"
0,7,0,"うつる　「移る」　「自?1搬家 2经过 3转移 4调用 5转向 6传染"
0,7,0,"うなる　「自?1呻吟 2吼叫 3风呼呼地"
0,7,0,"うらぎる　「?切る」　「他?1背叛 2辜负"
0,7,0,"うる　「売る」　「他?"
0,7,0,"おいでになる　「自?去来的尊敬语"
0,7,0,"おくる　「送る」　「他?1送东?2发邮?3送客?4度过"
0,7,0,"おくる　「贈る」　「他?赠"
0,7,0,"おこたる　「怠る」　「他?怠慢"
0,7,0,"おこる　「起こる」　「自?发生"
0,7,0,"おこる　「怒る」　「自?发"
0,7,0,"おそわる　「教わる」　「他?学习知识"
0,7,0,"おっしゃる　「他?说的尊敬"
0,7,0,"おとる　「劣る」　「自?不?"
0,7,0,"おどる　「踊る」　「他?跳舞"
0,7,0,"おる　「居る」　「自?人的存在"
0,7,0,"おる　「折る」　「他?1折断 2折叠 3屈指"
0,7,0,"おわる　「終わる」　「自他?1结束 2做完"
0,7,1,"かえる　「帰る」　「自?回家"
0,7,1,"かかる　「自?1生病 2遭受灾难"
0,7,1,"かかる　「掛かる」　「自?1悬挂 2花费 3打来电话 4溅到脏东?5着手于 6发动"
0,7,1,"かかわる　「係わる」　「自?涉及"
0,7,1,"かぎる　「限る」　「自?限定"
0,7,1,"かさなる　「重なる」　「自?1等重叠在一?2赶在了一?3重?"
0,7,1,"かざる　「飾る」　「他?1装饰 2修饰"
0,7,1,"かじる　「自?"
0,7,1,"かたまる　「固まる」　「自?1变硬  2固定"
0,7,1,"かたよる　「片寄る」　「自?1偏? 2偏?"
0,7,1,"かたる　「語る」　「他?"
0,7,1,"かぶる　「?る」　「他?1戴帽?2蒙上 3蒙受罪责"
0,7,1,"かる　「刈る」　「他?1割掉 2"
0,7,1,"かわいがる　「自?喜爱"
0,7,1,"かわる　「?わる」　「自?1发生变化 2与众不同"
0,7,1,"かわる　「代わる」　「自?代替"
0,7,1,"がんばる　「頑張る」　「他?坚持努力"
0,7,1,"きにいる　「気に入る」　「自?喜欢"
0,7,1,"きまる　「決まる」　「自?1决定 2已成定局"
0,7,1,"きる　「切る、斬る」　「他?1?2切伤 3中断"
0,7,1,"くぎる　「区切る」　「他?1分段 2隔开"
0,7,1,"くさる　「腐る」　「自?腐烂"
0,7,1,"くださる　「下さる」　「他?"
0,7,1,"くだる　「下る」　「自?1下山 2从上到下 3下命"
0,7,1,"くばる　「配る」　「他?1分配 2用心做到"
0,7,1,"くもる　「曇る」　「自?1阴天 2变得模糊不清 3暗淡"
0,7,1,"くわわる　「加わる」　「自?1加上 2加剧"
0,7,1,"けずる　「削る」　「他?1用刀?2削减"
0,7,1,"ける　「蹴る」　「他?用脚"
0,7,1,"こおる　「凍る」　「自?结冰"
0,7,1,"こする　「擦る」　「他?用工具擦"
0,7,1,"ことなる　「異なる」　「自?不一"
0,7,1,"ことわる　「断る」　「自他?1拒绝 2预先通知"
0,7,1,"こまる　「困る」　「自?为难"
0,7,1,"ころがる　「転がる」　「自?1滚动 2摆着"
0,7,2,"さかのぼる　「遡る」　「自?1逆流而上 2追溯到以?"
0,7,2,"さがる　「下がる」　「自?1程度下降 2垂挂 3往后退 4佩服"
0,7,2,"さぐる　「探る」　「他?1用手摸索 2探听 3探访"
0,7,2,"ささる　「刺さる」　「他?刺进"
0,7,2,"さる　「去る」　「自?离去"
0,7,2,"さわる　「触る」　「自他?用手触摸"
0,7,2,"しあがる　「仕上がる」　「自?完成"
0,7,2,"しかる　「叱る」　「他?责?"
0,7,2,"しげる　「茂る」　「自?繁茂"
0,7,2,"しずまる　「静まる」　「自?平静下来"
0,7,2,"しばる　「縛る」　「他?1捆绑 2束缚"
0,7,2,"しぼる　「絞る」　「他?1?2严加责? 3集中 4开动脑"
0,7,2,"しまる　「閉まる」　「自?门窗关紧"
0,7,2,"しめきる　「締め切る」　「他?日期截止"
0,7,2,"しめる　「湿る」　「自?潮湿"
0,7,2,"しゃぶる　「他?放进嘴里"
0,7,2,"しゃべる　「自?1?2说漏?3喋喋不休"
0,7,2,"しる　「知る」　「他?知道"
0,7,2,"すきとおる　「透き通る」　「自?1透明 2水清?3声音清脆 "
0,7,2,"すべる　「滑る」　「自?1滑冰 2打滑 3说漏"
0,7,2,"する　「刷る」　「他?印刷"
0,7,2,"する　「自他?"
0,7,2,"すわる　「座る」　「自?"
0,7,2,"せまる　「迫る」　「自他?他：迫使 自：迫近逼近"
0,7,2,"そる　「剃る」　「他?剃头"
0,7,3,"たすかる　「助かる」　「自?1得到救助 2帮了大忙"
0,7,3,"たちあがる　「立ち上がる」　「自?1站起?2从困境中奋起 3着手做"
0,7,3,"たちとまる　「立ち止る」　「自?止步"
0,7,3,"ダブル　「他?1日子重叠 2东西重?而?出来"
0,7,3,"たまる　「溜まる」　「自?1物品堆积 2工作积压 3钱有积存"
0,7,3,"だまる　「黙る」　「自?1沉默不语"
0,7,3,"たよる　「頼る」　「自他?1依靠 2找门路托关系"
0,7,3,"たる　「足る」　「自?1足?"
0,7,3,"ちかよる　「近寄る」　「自?顺路"
0,7,3,"ちぎる　「千切る」　「他?1把纸撕? 2楸掉"
0,7,3,"ちらかる　「散らかる」　「自?零乱"
0,7,3,"ちる　「散る」　「自?1花凋?2分散得七零八?3精力不集"
0,7,3,"つかまる　「捕まる」　「自?1被捉?2紧紧抓住物体不放"
0,7,3,"つきあたる　「突き当たる」　「自?1撞上 2遇到困难 3走到路的尽头"
0,7,3,"つくる　「作る、造る」　「他?1制作 2排队 3组成 4制定 5做饭 6栽培 7培养 8生育"
0,7,3,"つたわる　「伝わる」　「自?1流传 2沿着"
0,7,3,"つながる　「自?1连接 2关系"
0,7,3,"つまる　「詰まる」　「自?1堵住 2东西塞满 3中途卡"
0,7,3,"つる　「釣る」　「他?1钓鱼 2引诱"
0,7,3,"つる　「吊る」　「他?"
0,7,3,"できあがる　「出来上がる」　「自?完成"
0,7,3,"てる　「照る」　「自?阳光照耀"
0,7,3,"とおりかかる　「通り掛かる」　「自?恰巧路过"
0,7,3,"とおる　「通る」　「自?1通过 2得到承认 3通? 4考试通过"
0,7,3,"とがる　「尖る」　「自?"
0,7,3,"とどまる　「留まる」　「自?1半途停?2留下"
0,7,3,"どなる　「怒鳴る」　「自?1大声嚷嚷 2大声批评"
0,7,3,"とまる　「留まる」　「自?1停留 2注意?3铭刻在心 4滞留"
0,7,3,"とまる　「止まる」　「自?1停止 2? 3交通中"
0,7,3,"とまる　「泊まる」　「自?投宿"
0,7,3,"とる　「取る」　「他?1?2得到 3夺取 4预约 5吃饭 6耗费 7上年?8除掉"
0,7,3,"とる　「採る」　「他?1抽? 2录用"
0,7,3,"とる　「捕る」　「他?抓捕"
0,7,3,"とる　「撮る」　「他?照相"
0,7,4,"なおる　「治る」　「自?疾病痊愈"
0,7,4,"なおる　「直る」　「自?1改正过来 2排除 3不好的状"
0,7,4,"なくなる　「無くなる」　「自?丢失"
0,7,4,"なくなる　「亡くなる」　「自?死亡"
0,7,4,"なぐる　「殴る」　「他?殴打"
0,7,4,"なさる　「他?干的尊敬"
0,7,4,"なる　「成る、為る」　「自?1成为 2构成"
0,7,4,"なる　「生る」　「自?结果"
0,7,4,"なる　「鳴る」　「自?鸣响"
0,7,4,"にぎる　「握る」　「他?1用手握住 2掌握"
0,7,4,"にごる　「濁る」　「自?混浊"
0,7,4,"ぬる　「?る」　「他?涂抹"
0,7,4,"ねじる　「捩る」　「他?"
0,7,4,"ねむる　「眠る」　「自?1睡眠 2东西被闲"
0,7,4,"のこる　「残る」　「自?1留下不走 2剩下 3残留"
0,7,4,"のぼる　「上る、登る」　「自?1登上 2温度上升 3达到 4被提"
0,7,4,"のぼる　「昇る」　「自?1太阳升起 2东西上升到天?3晋级"
0,7,4,"のる　「乗る」　「自?1乘坐 2参与 3上当"
0,7,4,"のる　「載る」　「自?1放着 2登载 3装载"
0,7,5,"はいる　「入る」　「自?1进入 2参加组织 3上学 4放入 5含有 6进入季节 7听到"
0,7,5,"はかる　「計る」　「他?1计量 2揣摩 3谋求 "
0,7,5,"はかる　「量る、測る」　「他?1称重?2测量 "
0,7,5,"はさまる　「挟まる」　「自?1物品夹在中间 2夹在人与人之"
0,7,5,"はじまる　「?まる」　「自?1开?2发生 3"
0,7,5,"はしる　「走る」　「自?1奔跑 2逃跑 3走向 4走极"
0,7,5,"はやる　「流行る」　「自?1流? 2蔓延"
0,7,5,"はりきる　「張り切る」　「自?鼓起干劲"
0,7,5,"はる　「張る」　「自他?自：1伸展 2结冰 他：1扩展 2?3铺设 4牵拉"
0,7,5,"はる　「貼る」　「他?"
0,7,5,"ひかる　「光る」　「自?1发光 2出类拔翠"
0,7,5,"ひっかかる　「引っ掛かる」　「自?1东西被挂?2受骗上当 3被?查出?4被牵"
0,7,5,"ひっくりかえる　「ひっくり返る」　「自?1东西翻?2逆转"
0,7,5,"ひっぱる　「引っ張る」　「他?1?2拉上 3拉拢"
0,7,5,"ひねる　「捻る」　「他?1?2扭转"
0,7,5,"ひろがる　「広がる」　「自?1拓宽 2事业扩大 3蔓延 "
0,7,5,"ふかまる　「深まる」　「自?加深"
0,7,5,"ふさがる　「?がる」　「自?1堵住 2占满"
0,7,5,"ふつかる　「自?1撞上 2遇到困难 3适"
0,7,5,"ふとる　「太る」　「自?身体发胖"
0,7,5,"ふる　「降る」　「自?下雨"
0,7,5,"ふる　「振る」　「他?1?2撒盐 3甩掉"
0,7,5,"へる　「減る」　「自?1减少 2肚子"
0,7,5,"ほうる　「放る」　「他?丢弃不管"
0,7,5,"ほる　「掘る」　「他?挖掘"
0,7,5,"ほる　「彫る」　「他?雕刻"
0,7,6,"まいる　「参る」　「自?1去来的谦让语 2参拜 3认输 4吃不?5无法解决"
0,7,6,"まがる　「曲がる」　「自?1弯曲 2拐弯 3倾斜"
0,7,6,"まざる　「混ざる、交ざる」　「自?掺杂"
0,7,6,"まじる　「混じる、交じる」　「自?夹杂在其他人中间"
0,7,6,"まつる　「祭る」　「他?祭?"
0,7,6,"まとまる　「纏まる」　「自?1事情谈妥 2凑齐 3归纳 4意?"
0,7,6,"まねる　「真似る」　「他?模仿"
0,7,6,"まもる　「守る」　「他?1保卫 2严守"
0,7,6,"まわる　「回る」　「自?1旋转 2巡回 3绕弯 4按顺序轮"
0,7,6,"みおくる　「?送る」　「他?目"
0,7,6,"みつかる　「?付かる」　「自?1被发?2找到"
0,7,6,"みのる　「実る」　「自?1作物结果 2有成"
0,7,6,"めぐる　「巡る」　「他?1循环 2巡游 3围绕"
0,7,6,"めしあがる　「召し上がる」　「他?吃喝的尊敬语"
0,7,6,"もうかる　「儲かる」　「自?赚钱"
0,7,6,"もぐる　「潜る」　「自?1潜水 2躲进"
0,7,6,"もどる　「戻る」　「自?1返回原? 2回家 3归还"
0,7,6,"ものがたる　「物語る」　「他?讲述"
0,7,6,"もる　「盛る」　「他?盛饭"
0,7,7,"やぶる　「破る」　「他?1撕破 2损坏 3违反 4打败 5打破"
0,7,7,"やる　「他?"
0,7,7,"やる　「他?"
0,7,7,"ゆずる　「譲る」　「他?有偿转让"
0,7,7,"よこぎる　「横切る」　「自?横穿"
0,7,7,"よる　「寄る」　「自?1靠近 2顺便"
0,7,8,"わかる　「分かる」　「自?明白"
0,7,8,"わたる　「渡る」　「自?1?2物品成为 3过日"
0,7,8,"わる　「割る」　「他?1分成几等?2打? 3?4往酒里兑水 5低于某数"
0,8,0,"あきらめる　「諦める」　「自?断念死心"
0,8,0,"あきる　「飽きる」　「自?1腻烦 2腻了"
0,8,0,"あきれる　「他?1惊呆 2让你觉得愕然的人或事"
0,8,0,"あける　「開ける」　「他?打开"
0,8,0,"あける　「明ける」　「自?1天亮 2新年开?3季节结束 "
0,8,0,"あげる　「上げる」　「他?1举起 2提高 3免费送给对方东西 4放声"
0,8,0,"あげる　「挙げる」　「他?1举例 2举? 3竭尽全力 4获得 5检"
0,8,0,"あげる　「揚げる」　「他?1放烟?2举起 3油炸"
0,8,0,"あこがれる　「憧れる」　「自?憧憬"
0,8,0,"あずける　「預ける」　「他?1寄存 2委托他人带孩?3委托他人"
0,8,0,"あたえる　「与える」　「他?1给予 2授予 3分配 4使蒙"
0,8,0,"あたためる　「暖める、温める」　「他?使温"
0,8,0,"あつめる　「集める」　「他?1集合 2收集"
0,8,0,"あてはめる　「当て嵌める」　「他?1应用 2按照法?"
0,8,0,"あてる　「当てる」　「他?1碰撞 2贴近 3晒衣?4猜迷 5委派 6分配"
0,8,0,"あばれる　「暴れる」　「自?乱闹"
0,8,0,"あびる　「浴びる」　「他?1淋浴 2日光?3 拼命喝酒 4浴?奋战 5遭到"
0,8,0,"あふれる　「溢れる」　「他?1液体溢出 2充满 3挤满"
0,8,0,"あらためる　「改める」　「他?改变 "
0,8,0,"あらわれる　「現れる」　「自?出现"
0,8,0,"あれる　「荒れる」　「自?1狂?肆虐 2荒芜 3皮肤粗燥 4秩序混乱"
0,8,0,"あわせる　「合わせる」　「他?1合二为一 2同心合力 3调谐 4对照"
0,8,0,"あわてる　「慌てる」　「自?惊慌"
0,8,0,"いいつける　「言い付ける」　「他?1吩咐 2告状"
0,8,0,"いきる　「生きる」　「自?1?2谋生 3发挥作用 4栩栩如生 5献身"
0,8,0,"いじめる　「他?欺负"
0,8,0,"いる　「居る」　「自?住在"
0,8,0,"いれる　「入れる」　「他?1把东西放入容?2收容 3包含在内 4听取 5打开电源"
0,8,0,"うえる　「?える」　「他?1种花 2植入"
0,8,0,"うえる　「飢える」　「自?1饥饿 2渴望"
0,8,0,"うかべる　「浮かべる」　「他?1使浮出水?2浮现"
0,8,0,"うける　「受ける」　「自?1接受东西 2受到 3应试 4遭受 5接电?6受欢"
0,8,0,"うすめる　「薄める」　「他?稀"
0,8,0,"うちあわせる　「打ち合わせる」　「他?商洽"
0,8,0,"うったえる　「訴える」　「他?他：1控告 2申诉 自：诉诸"
0,8,0,"うまれる　「生まれる」　「自?1出生 2产生"
0,8,0,"うめる　「埋める」　「他?1用土等填?2掩埋 3弥补"
0,8,0,"うちきる　「打ち切る」　「自?结束"
0,8,0,"うれる　「売れる」　「自?1畅销 2能出"
0,8,0,"える　「得る」　「他?得到"
0,8,0,"おいかける　「追い掛ける」　「自?1追赶 2紧接着"
0,8,0,"おえる　「終える」　「他?结束"
0,8,0,"おきる　「起きる」　「自?1起床 2发生不好的事"
0,8,0,"おくれる　「遅れる」　「自?1耽误 2没赶?3落伍 4钟走?"
0,8,0,"おさえる　「押える」　「他?1用手按住 2抓住 3扣留物品 "
0,8,0,"おさえる　「抑える」　「他?1压制 2忍住"
0,8,0,"おさめる　「収める」　「他?1接受 2得到 3收藏"
0,8,0,"おさめる　「納める」　「他?缴纳"
0,8,0,"おさめる　「治める」　「他?1治理  2平定"
0,8,0,"おしえる　「教える」　「他?1?2告诉"
0,8,0,"おそれる　「恐れる」　「他?1害?2担心"
0,8,0,"おちる　「落ちる」　「自?1掉落 2脱落 3败落 4落?"
0,8,0,"おぼえる　「?える」　「他?1记忆 2学会 3感?"
0,8,0,"おぼれる　「溺れる」　「自?1溺水 2沉溺 "
0,8,0,"おりる　「降りる」　「自?1?2从交通工具下?3"
0,8,0,"おりる　「下りる」　「自?1从高处下到低?2挂着东西放下?3批下"
0,8,0,"おれる　「折れる」　「自?1折断 2拐弯 3折叠 4让步"
0,8,1,"かえる　「代える」　「他?代替"
0,8,1,"かえる　「替える」　「他?改换旧的更换成新"
0,8,1,"かえる　「換える」　「他?交换"
0,8,1,"かえる　「?える」　「他?改变"
0,8,1,"かかえる　「抱える」　「他?有令人苦恼的事情"
0,8,1,"かくれる　「隠れる」　「自?1躲起?2隐居 3被埋"
0,8,1,"かける　「掛ける」　「他?1把东西挂在立体平? 2覆盖 3花金?4坐下 5?6打电"
0,8,1,"かける　「欠ける」　「自?1器皿有缺?2缺乏"
0,8,1,"かさねる　「重ねる」　「他?1叠放 2反?"
0,8,1,"かぞえる　「数える」　「他?"
0,8,1,"かたづける　「片付ける」　「他?1整理 2解决"
0,8,1,"かねる　「兼ねる」　「他?1兼带 2兼任"
0,8,1,"かぶせる　「?せる」　「他?1给人戴上帽子 2使人蒙冤 3蒙上"
0,8,1,"かりる　「借りる」　「他?1借进 2借助"
0,8,1,"かれる　「枯れる」　「自?1植物枯死 2老练 3技术成"
0,8,1,"かんがえる　「考える」　「他?1思索 2考虑"
0,8,1,"きえる　「消える」　「自?1电灯消灭 2现象消失"
0,8,1,"きがえる　「着替える」　「他?换衣"
0,8,1,"きこえる　「聞こえる」　「自?1能听?2听上去像?3闻名"
0,8,1,"きせる　「着せる」　「他?1给人穿上 2嫁祸 3让对方感"
0,8,1,"きめる　「決める」　「他?1决定 2断言"
0,8,1,"きる　「着る」　「他?1穿衣?2自己承担 3领情"
0,8,1,"きれる　「切れる」　「自?1刀刃锋?2断? 3信号中断 4耗尽 5期限已满"
0,8,1,"きをつける　「気をつける」　「自?充分注意"
0,8,1,"くずれる　「崩れる」　「自?1物体崩溃 2阵容出现混乱 3天气变坏"
0,8,1,"くだける　「砕ける」　「自?1破? 2平易近人 3通俗易懂"
0,8,1,"くたびれる　「自?疲乏"
0,8,1,"くっつける　「他?1粘贴 2将两个物体紧紧靠"
0,8,1,"くみたてる　「組み立てる」　「他?组?"
0,8,1,"くらべる　「比べる」　「他?比较"
0,8,1,"くるしめる　「苦しめる」　「他?使人痛苦"
0,8,1,"くれる　「他?给我物品"
0,8,1,"くれる　「暮れる」　「自?1天黑 2季节即将过去 "
0,8,1,"くわえる　「他?用嘴"
0,8,1,"くわえる　「加える」　「他?1加上 2附加 3加入组织 4包括 5施加"
0,8,1,"こえる　「越える」　「他?越过"
0,8,1,"こえる　「超える」　「他?超过"
0,8,1,"こげる　「焦げる」　「自?烧焦"
0,8,1,"こごえる　「凍える」　「自?手脚冻僵"
0,8,1,"こころえる　「心得る」　「他?懂得"
0,8,1,"こしかける　「腰掛ける」　「自?坐下"
0,8,1,"こしらえる　「他?制作"
0,8,1,"こたえる　「答える」　「自?回答问?"
0,8,1,"ことづける　「言付ける」　「他自?他：拖人带口?自：找借口"
0,8,1,"こぼれる　「自?1东西从容器里洒落出来 2洋溢"
0,8,1,"こめる　「込める」　「他?1包括在内 2集中精力 "
0,8,1,"こらえる　「自?忍受"
0,8,1,"こわれる　「?れる」　「自?1物品损坏 2计划落空"
0,8,2,"さける　「避ける」　「他?1避开 2躲避"
0,8,2,"さげる　「下げる」　「他?1降低 2悬挂 3把物体往后移?4手上提着"
0,8,2,"ささえる　「支える」　「他?1支撑着某物使其不倒下 2支撑"
0,8,2,"さしあげる　「差し上げる」　「他?赠送物品给别人"
0,8,2,"さびる　「錆びる」　「自?1金属生锈 2功能变得无用"
0,8,2,"さまたげる　「妨げる」　「他?妨?"
0,8,2,"さめる　「冷める」　「自?1变凉 2热情减退"
0,8,2,"さめる　「?める」　「自?1睡醒 2从迷惑中觉醒"
0,8,2,"しびれる　「自?身体感?麻木"
0,8,2,"しめる　「占める」　「他?占据"
0,8,2,"しめる　「閉める」　「他?关闭"
0,8,2,"しめる　「締める」　「他?1系紧 2严厉管教 3削减费用"
0,8,2,"しらせる　「知らせる」　「他?通知"
0,8,2,"しらべる　「調べる」　「他?1调查 2查验 3审问"
0,8,2,"すぎる　「過ぎる」　「自?1经过某场所 2时间过去 3超过"
0,8,2,"すぐれる　「優れる」　「自?1出色 2身体状况"
0,8,2,"すすめる　「進める」　「他?1使之前进 2开"
0,8,2,"すすめる　「勧める」　「他?劝诱"
0,8,2,"すてる　「捨てる、?てる」　「他?1扔掉不?的东?2置之不理"
0,8,2,"すませる　「済ませる」　「他?弄完"
0,8,2,"ずれる　「自?因位置排列不整齐而错开"
0,8,2,"せめる　「責める」　「他?责?"
0,8,2,"せめる　「攻める」　「他?进攻"
0,8,2,"そだてる　「育てる」　「他?培育"
0,8,2,"そなえる　「備える、具える」　「他?1置? 2具? 3防?"
0,8,2,"それる　「逸れる」　「自?1偏? 2跑? 3走调 "
0,8,2,"そろえる　「揃える」　「他?1使一?2备齐"
0,8,3,"たおれる　「倒れる」　「自?1东西倒下 2破产 3病"
0,8,3,"たかめる　「高める」　「他?提高"
0,8,3,"たくわえる　「蓄える」　「他?储?"
0,8,3,"たしかめる　「確かめる」　「他?弄清"
0,8,3,"たすける　「助ける」　「他?1帮助人做?2资助?3救人一"
0,8,3,"たずねる　「訪ねる」　「他?拜访"
0,8,3,"たずねる　「尋ねる」　「他?询问意?"
0,8,3,"たてる　「立てる」　「他?1竖起 2冒烟 3扬起 4制定 5传播 6维生 7保全面子 8发出响声"
0,8,3,"たてる　「建てる」　「他?建"
0,8,3,"たとえる　「例える」　「他?比方"
0,8,3,"たべる　「?べる」　「他?吃东"
0,8,3,"ためる　「溜める」　「他?1储蓄 2积压"
0,8,3,"たりる　「足りる」　「自?1足? 2值得"
0,8,3,"ちかづける　「近付ける」　「他?使靠"
0,8,3,"ちぢめる　「縮める」　「他?缩短"
0,8,3,"ちぢれる　「縮れる」　「自?1头发卷曲 2衣服起皱"
0,8,3,"つかまえる　「捕まえる」　「他?1抓住 2逮住 3在路上叫出?"
0,8,3,"つかれる　「疲れる」　「自?疲劳"
0,8,3,"つける　「付ける」　「他?1安??2佩带在身?3记录 4定价 5涂上 6跟随 7附加 8打分"
0,8,3,"つける　「着ける」　「他?1穿上衣服 2使车船接近某场所"
0,8,3,"つける　「点ける」　「他?点亮"
0,8,3,"つける　「浸ける」　「他?浸泡"
0,8,3,"つける　「漬ける」　「他?腌咸"
0,8,3,"つたえる　「伝える」　「他?1传达 2传授 3文化等从外部传来"
0,8,3,"つづける　「続ける」　「他?继续"
0,8,3,"つとめる　「務める」　「他?担任"
0,8,3,"つとめる　「勤める」　「他?多指从事白?工作"
0,8,3,"つとめる　「努める」　「他?努力做事"
0,8,3,"つなげる　「他?1栓住 2连接断开的东?3转接电话"
0,8,3,"つぶれる　「潰れる」　「自?1东西压坏 2建筑物等倒? 3破产 4事情泡汤 5白白浪费 6丢脸"
0,8,3,"つめる　「詰める」　「自他?他：1装入 2靠紧 3不间断地连续做事?4节俭过日?自守"
0,8,3,"つもる　「?もる」　「自?1东西堆积 2积存"
0,8,3,"つれる　「連れる」　「他?带着人或动物出门"
0,8,3,"でかける　「出掛ける」　「他?出门"
0,8,3,"できる　「自?1事情完成 2建成 3生孩?4?5成绩"
0,8,3,"でむかえる　「出迎える」　「他?到现场迎"
0,8,3,"でる　「出る」　「自?1走出?2来到某场所 3上班 4去参加某活动 5毕业 6某?现象出现 7出发"
0,8,3,"とおりすぎる　「通り過ぎる」　「自?走过"
0,8,3,"とける　「解ける」　「自?1系紧绳带 2问?解决"
0,8,3,"とける　「溶ける」　「自?固体溶化"
0,8,3,"どける　「退ける」　「自?挪开"
0,8,3,"とじる　「閉じる」　「他?他：1关闭 2闭会 自：自动关闭"
0,8,3,"とどける　「届ける」　「他?1把物品送到目的?2报告"
0,8,3,"とめる　「留める」　「他?1用工具将某物固定?2留住 3留在心中"
0,8,3,"とめる　「止める」　「他?1停止 2止? 3制止"
0,8,3,"とめる　「泊める」　「他?1留客人过?2停泊船只"
0,8,3,"とらえる　「捕える」　「他?1捉住 2把握"
0,8,3,"とりあげる　「取り上げる」　「他?1拿起 2采纳意? 3媒体报道 4没收物品"
0,8,3,"とりいれる　「取り入れる」　「他?1采用 2收割 3收到"
0,8,3,"とりかえる　「取り替える」　「他?1物物交换 2更换"
0,8,3,"とれる　「取れる」　「自?1东西脱落 2解除 3取得均衡 4能获"
0,8,4,"ながめる　「眺める」　「他?1眺望 2凝?"
0,8,4,"ながれる　「流れる」　「自?1液体流动 2物体自身移动 3时间流"
0,8,4,"なぐさめる　「慰める」　「他?安慰"
0,8,4,"なげる　「投げる」　「他?1抛出 2放弃 3投射"
0,8,4,"なでる　「撫でる」　「他?轻轻"
0,8,4,"なまける　「怠ける」　「他?偷懒"
0,8,4,"ならべる　「並べる」　「他?1按次序排?2整齐地摆上物?3罗列 4发牢"
0,8,4,"なれる　「慣れる」　「自?1适应习惯 2惯了? "
0,8,4,"なれる　「馴れる」　「自?动物亲近"
0,8,4,"にえる　「煮える」　「自?食物煮熟"
0,8,4,"にげる　「逃げる」　「自?1逃跑 2因对自己不利而逃避"
0,8,4,"にる　「似る」　「自?相似"
0,8,4,"にる　「煮る」　「他?"
0,8,4,"ぬける　「抜ける」　「自?1脱落 2漏掉 3没有 4穿过 5退?6迟钝"
0,8,4,"ぬれる　「濡れる」　「自?淋湿"
0,8,4,"ねる　「寝る」　「自?1睡? 2滞销商品"
0,8,4,"のせる　「乗せる」　「他?1乘交通工?2驮载货物 3参与 4上当受骗"
0,8,4,"のせる　「載せる」　「他?1放在物体?2登载"
0,8,4,"のびる　「伸びる」　「自?1伸长 2提高"
0,8,4,"のびる　「延びる」　「自?时间延长"
0,8,4,"のべる　「述べる」　「他?叙述"
0,8,4,"のりかえる　「乗り換える」　「自?换别的交通工"
0,8,5,"はえる　「生える」　「自?草木生长"
0,8,5,"はじめる　「?める」　「他?1开?2开"
0,8,5,"はずれる　「?れる」　「自?1固定东西脱落 2偏?目标 3讲话跑?"
0,8,5,"はなしかける　「話し掛ける」　「他?1跟人搭话 2开始说"
0,8,5,"はなれる　「離れる」　「自?1离开 2距?相近"
0,8,5,"はなれる　「放れる」　「自?脱开"
0,8,5,"はねる　「跳ねる」　「自?1蹦蹦跳跳 2液体飞溅"
0,8,5,"はめる　「他?1镶嵌 2戴手"
0,8,5,"はれる　「晴れる」　「自?1天放?2疑云消散 3心情愉快"
0,8,5,"ひえる　「冷える」　「自?1饭菜变凉 2感??3情感冷淡下来"
0,8,5,"ひきうける　「引き受ける」　「他?1接受工作 2继承"
0,8,5,"ひきとめる　「引き止める」　「他?1挽留? 2制止"
0,8,5,"ひっかける　「引っ掛ける」　「他?1把衣服挂在某?2车子增到?3勾引"
0,8,5,"ひろげる　「広げる」　「他?1充分展开 2扩大空间 3扩大范围"
0,8,5,"ひろめる　「広める」　「他?扩大"
0,8,5,"ふえる　「?える」　「自?数量增加"
0,8,5,"ふえる　「殖える」　「自?繁殖"
0,8,5,"ふくめる　「含める」　「他?包括在内"
0,8,5,"ふける　「更ける」　「自?夜深"
0,8,5,"ふざける　「他?1小孩子嬉?2戏弄 3打情骂俏"
0,8,5,"ぶつける　「他?1投掷 2撞上"
0,8,5,"ぶらさげる　「ぶら下げる」　「他?1佩带 2手上提着"
0,8,5,"ふるえる　「震える」　「自?发抖"
0,8,5,"ふれる　「触れる」　「自?1触摸 2涉及 3听到 4触犯法律 "
0,8,5,"へだてる　「隔てる」　「他?隔着"
0,8,5,"ほえる　「吠える」　「自?吼叫"
0,8,5,"ほめる　「?める」　「他?表扬"
0,8,6,"まかせる　「任せる」　「他?委托他人"
0,8,6,"まける　「負ける」　「自他?自：?他：让价"
0,8,6,"まげる　「曲げる」　「他?1使物体弯?2歪曲 3改变"
0,8,6,"まぜる　「混ぜる、交ぜる」　「他?1掺和 2搅拌"
0,8,6,"まちあわせる　「待ち合わせる」　「自?碰头"
0,8,6,"まちがえる　「間違える」　「他?弄错"
0,8,6,"まとめる　「纏める」　「他?1归纳 2汇集 3谈妥"
0,8,6,"みあげる　「?上げる」　「他?抬头往上看"
0,8,6,"みえる　「?える」　「自?1视?能看?2发现 3看上去像?4来的尊敬"
0,8,6,"みせる　「?せる」　「他?给人"
0,8,6,"みちる　「満ちる」　「自?1人满 2充满 3月圆 4涨潮 5任期"
0,8,6,"みつける　「?付ける」　「他?找到"
0,8,6,"みつめる　「?詰める」　「他?注?"
0,8,6,"みとめる　「認める」　「他?1承认 2认定 3准许 4重?"
0,8,6,"みなれる　「?慣れる」　「自?看惯"
0,8,6,"みる　「?る」　「他?1观看 2参? 3照料 4辅导"
0,8,6,"みる　「診る」　「他?看病"
0,8,6,"むかえる　「迎える」　「他?1迎接 2娶媳?3迎接"
0,8,6,"むける　「向ける」　「他?1朝向某方 2心思放在某事上 3派遣 4挪用"
0,8,6,"めぐまれる　「恵まれる」　「自?富有"
0,8,6,"もうける　「儲ける」　「他?赚钱"
0,8,6,"もうしあげる　「申し上げる」　「他?1说的谦让"
0,8,6,"もえる　「燃える」　「自?1燃烧 2热情洋溢"
0,8,6,"もたれる　「自?身体靠在某物体上"
0,8,6,"もちあげる　「持ち上げる」　「他?1用手举起 2奉承"
0,8,6,"もちいる　「用いる」　「他?1使用 2采用 3录用 "
0,8,6,"もとめる　「求める」　「他?1寻求 2要求 3购买"
0,8,7,"やける　「焼ける」　「自?1烧毁 2烧烤 3皮肤晒黑 4衣服褪色"
0,8,7,"やっつける　「他?1把事情草草做?2把人收拾一?3打败对方"
0,8,7,"やぶれる　「破れる」　「自?1纸张等撕?2破灭"
0,8,7,"やめる　「止める」　「他?放弃"
0,8,7,"やめる　「辞める」　「他?辞职"
0,8,7,"ゆでる　「茹でる」　「他?"
0,8,7,"ゆれる　「揺れる」　「自?1物体摇晃 2意志动摇"
0,8,7,"よごれる　「汚れる」　「自?"
0,8,7,"よせる　「寄せる」　「他?1邮寄 2把物体靠近某一?3把数量加起来"
0,8,7,"よびかける　「呼びかける」　「他?号召"
0,8,7,"よみがえる　「蘇る」　「他?复活"
0,8,8,"わかれる　「分れる」　「自?分开"
0,8,8,"わかれる　「別れる」　「自?离别"
0,8,8,"わける　「分ける」　「他?1分成两个以上 2分配"
0,8,8,"わすれる　「忘れる」　「他?忘记"
0,8,8,"わびる　「詫びる」　「他?道歉"
0,8,8,"われる　「割れる」　「自?易?品破"
0,9,0,"あいする　「愛する」　「他?1爱恋 2热爱"
0,9,0,"かんする　「関する」　「自?关于"
0,9,0,"せっする　「接する」　「自?1接触 2接连"
0,9,0,"ぞくする　「属する」　「自?从属"
0,9,0,"たいする　「対する」　「自?针对"
0,9,0,"たっする　「達する」　「自他?自：达到 他：实现"
0,9,0,"てきする　「適する」　「自?适合"
0,9,0,"ねっする　「熱する」　「他?加热"
0,9,0,"ばっする　「罰する」　「他?处罚"
0,9,0,"はんする　「反する」　「自?1违反 2与相"
0,9,0,"やくする　「訳する」　「他?翻译"
0,9,0,"りゃくする　「略する」　「他?省略"
0,9,1,"おうじる　「応じる」　「自?1回应 2适应"
0,9,1,"かんじる　「感じる」　「他?感?"
0,9,1,"しょうじる　「生じる」　「自他?产生"
0,9,1,"しんじる　「信じる」　「他?相信"
0,9,1,"ぞんじる　「存じる」　「他?1想的谦让? 2知道的谦让语"
0,9,1,"つうじる　「通じる」　「自他?自：1信号?2通往 3精?4懂得 他：1整个期间 2通过媒体"
0,9,1,"めいじる　「命じる」　「他?1命令 2任命 3命名"
0,9,1,"ろんじる　「論じる」　「他?讨论"
0,9,2,"くる　「来る」　「自?1?2原因的由"
